id,first_name,last_name,ship_addr_st,ship_addr_line2,ship_addr_city,ship_addr_region,postal_code,ship_addr_country,credit_card_type,credit_card_number,phone,email
dba395e8-558e-47d7-ac7d-3ac8f273e761,Graehme,Brugman,0 Doe Crossing Terrace,Apt 657,West Palm Beach,Florida,33405,United States,mastercard,5382832601565057,+1-561-878-1315,gbrugman0@163.com
f2f5240c-d2db-416a-b75e-7fd8afc88806,Vince,Grigorkin,968 Mcbride Terrace,PO Box 61068,Minneapolis,Minnesota,55470,United States,diners-club-enroute,201853647035806,+1-612-650-0773,vgrigorkin1@usgs.gov
f9fb4156-b79e-4cdd-88bb-da025a1964b8,Leicester,Touzey,547 Buena Vista Center,19th Floor,Seattle,Washington,98133,United States,instapayment,6373317982637880,+1-425-241-8042,ltouzey2@twitter.com
d90444e3-f684-4661-bd38-c2ad703edf72,Annecorinne,Foli,502 Grayhawk Point,PO Box 19985,Montgomery,Alabama,36119,United States,jcb,3534625258657777,+1-334-580-2195,afoli3@wikimedia.org
73478e04-83a2-44db-b9ed-153eec46a8b1,Marna,Physick,5480 Shoshone Hill,Apt 1549,Savannah,Georgia,31422,United States,jcb,3560877316494589,+1-912-509-1974,mphysick4@instagram.com
9ac4d8d7-e3ff-4c26-a90c-687461cc0af2,Ernestine,Mottershead,843 Cherokee Plaza,Room 1306,Mobile,Alabama,36689,United States,switch,490542513725219620,+1-251-353-6525,emottershead5@cdbaby.com
5ee586bd-7fd0-46d7-90b1-060d8a26ee8c,Miner,Zimmermeister,2739 Barby Hill,Suite 91,Hartford,Connecticut,06120,United States,jcb,3560227588916556,+1-860-564-7832,mzimmermeister6@shutterfly.com
6e13e113-bd3b-42c7-9321-7172f64ef66c,Goldia,Jilkes,2 Cordelia Circle,Apt 1481,Winston Salem,North Carolina,27110,United States,jcb,3579406360893949,+1-336-147-1721,gjilkes7@rakuten.co.jp
ca5a2828-bf85-4b71-b0e2-fe8a411862c1,Tawsha,Tearney,94 Moland Place,Suite 87,Dayton,Ohio,45408,United States,maestro,50205166906424244,+1-937-933-8659,ttearney8@virginia.edu
b92da0b2-f47b-475d-b092-8e6e8352cbc4,Gaylord,Byrde,9 5th Place,Apt 379,Champaign,Illinois,61825,United States,americanexpress,372301557990308,+1-217-380-3673,gbyrde9@google.it
18e359cf-6d8f-4925-b6d6-c0abb1eeb86d,Jeana,Palumbo,24677 Drewry Park,Apt 1181,North Hollywood,California,91616,United States,jcb,3587275805046862,+1-213-171-2333,jpalumboa@list-manage.com
a151aee0-62c9-40b0-8290-10b18d4af97b,Brittan,Cockshot,5215 Portage Crossing,13th Floor,Merrifield,Virginia,22119,United States,americanexpress,373698796318012,,bcockshotb@prlog.org
d580b2d6-c496-4e36-9c54-6a6a3819d010,Alexei,Steuart,32062 Clyde Gallagher Alley,Room 958,New York City,New York,10275,United States,maestro,6759625207165345,+1-212-503-6146,asteuartc@weebly.com
e1f7e0d2-10cd-4dd0-8bb6-2935bf713466,Abbe,Woodrooffe,1516 Merry Place,PO Box 87339,Kansas City,Missouri,64101,United States,visa-electron,4508592342733966,+1-816-394-4771,awoodrooffed@cbc.ca
fe3cd8df-2077-4154-a1ab-74340e0fa08e,Pyotr,Rush,263 Muir Trail,Suite 6,Houston,Texas,77020,United States,jcb,3558296644501607,+1-281-674-3682,prushe@xinhuanet.com
a0bf9651-2ce0-4013-a9de-02feb7ec3c93,Armand,Orvis,87 Anhalt Trail,Suite 52,Lakeland,Florida,33811,United States,diners-club-enroute,201705284362648,+1-863-221-3778,aorvisf@sina.com.cn
41de3dce-cbc4-4e54-a61a-d51c45dff821,Clay,Olenov,4 Fair Oaks Lane,PO Box 20970,Beaumont,Texas,77713,United States,jcb,3573591925302548,+1-409-290-8117,colenovg@seattletimes.com
9a784a7d-3c6b-40e9-93e0-b5fc0faccec2,Robers,Dowman,6 Hooker Place,PO Box 29850,Washington,District of Columbia,20220,United States,jcb,3543060120017035,+1-202-808-8007,rdowmanh@weibo.com
70330b82-d13e-4284-97b7-7508b800e7f9,Marieann,Osban,1 American Drive,PO Box 48554,San Francisco,California,94154,United States,jcb,3572929924379722,+1-415-302-2283,mosbani@uol.com.br
65a03ad0-0387-4219-be06-0216806fe89f,Morley,John,6553 Brentwood Pass,Apt 1744,El Paso,Texas,88584,United States,americanexpress,340890321636634,+1-915-738-2187,mjohnj@sogou.com
73697049-61d5-4d61-b0d0-65e6bd3b3032,Gianni,Chopy,046 Fieldstone Drive,Apt 472,Springfield,Massachusetts,01152,United States,mastercard,5100143437182898,+1-413-790-6784,gchopyk@rakuten.co.jp
34c3a599-d8af-485d-9536-703ba4efbd35,Jeno,Kalkhoven,9323 Corry Place,Room 1054,Shawnee Mission,Kansas,66205,United States,jcb,3585525132972798,+1-816-553-2621,jkalkhovenl@google.de
7893410c-0473-4840-9ad4-d656691c351b,Panchito,Presswell,4 Milwaukee Center,12th Floor,Mesa,Arizona,85210,United States,visa,4041378255319,+1-602-973-6888,ppresswellm@issuu.com
36632113-fa3c-4ba1-b203-c72bc681ff65,Barron,Sawl,970 Grover Park,PO Box 74650,Vancouver,Washington,98664,United States,jcb,3539065921098437,+1-360-351-5341,bsawln@sitemeter.com
9894f169-c719-4f62-9edb-93375c641bca,Ricki,Ansill,6 Corscot Circle,Apt 1485,Phoenix,Arizona,85020,United States,jcb,3589108355031935,+1-480-112-1320,ransillo@hibu.com
33e57a3e-8f6b-4cfc-a66a-8b31c9aa91fb,Abram,Partner,7816 Knutson Way,20th Floor,Buffalo,New York,14233,United States,mastercard,5322146087298379,+1-716-592-2389,apartnerp@who.int
706ccc57-7709-49db-825d-e0303c392763,Davie,Bagnold,0036 Carioca Court,PO Box 39045,Salem,Oregon,97306,United States,mastercard,5100143297086031,+1-503-599-9802,dbagnoldq@meetup.com
3f05e32e-63bb-4a1b-a1df-bbe26128ec53,Nicolina,Gander,3840 Chive Junction,Room 270,Fairbanks,Alaska,99709,United States,diners-club-enroute,201878022336032,+1-907-695-8222,nganderr@japanpost.jp
3411f3ad-e165-45f2-8a79-9f95813bebc0,Mora,Fullegar,00273 Ramsey Court,Room 759,Saint Louis,Missouri,63121,United States,mastercard,5543733836302306,+1-314-122-0274,mfullegars@squarespace.com
03d27d49-3ab9-4664-84f8-faf8512a2cb1,Mozes,Winter,71 Hallows Place,Apt 1454,Providence,Rhode Island,02905,United States,jcb,3583609765367591,+1-401-787-0529,mwintert@reference.com
74d36cb0-6153-44cb-8fdc-9afa812b1cd4,Willard,Corser,760 Eggendart Drive,PO Box 94602,San Diego,California,92145,United States,maestro,6761838631264386328,+1-858-110-5253,wcorseru@noaa.gov
77723fb2-7fba-4d2a-8d0e-0184af56cdd5,Elsie,Worboy,7 Dunning Junction,Room 623,Washington,District of Columbia,20051,United States,laser,67714454540348930,+1-202-401-9396,eworboyv@umn.edu
05ca46b1-6e73-47f9-bfbc-90565714718b,Mose,Burchall,2857 Alpine Terrace,Room 1232,College Station,Texas,77844,United States,mastercard,5367395934411307,+1-979-752-5200,mburchallw@livejournal.com
a1469d15-479f-4ea2-bb51-1e89eb9a2083,Obidiah,Panas,9492 Straubel Park,9th Floor,Fresno,California,93726,United States,visa,4902792873849,+1-209-505-4724,opanasx@mit.edu
bbd45a86-ff78-45e6-b50d-77813c9323f5,Alex,Gilliatt,654 Oakridge Pass,20th Floor,Orange,California,92862,United States,mastercard,5002355862945750,,agilliatty@illinois.edu
da45dfa9-dd21-4e12-b457-d65940caa62e,Camellia,Dupre,390 Nancy Avenue,Apt 1299,San Jose,California,95160,United States,jcb,3584910183160819,+1-408-289-2852,cduprez@about.com
ac8d98b6-c8f5-44d6-9f7b-677892b31a94,Dotty,Kime,5018 Browning Way,Room 376,Saint Louis,Missouri,63180,United States,bankcard,5602236736948614,+1-314-660-0353,dkime10@ehow.com
d51e19ee-facc-4dcb-bd07-0d2d6c7950d2,Gussie,Lobb,25420 Iowa Way,Apt 133,Norfolk,Virginia,23509,United States,jcb,3583351095526402,+1-757-250-4024,globb11@scientificamerican.com
d53009d2-3a29-4c04-84dd-11bdf1d5b785,Ethelda,Bassil,23 Oak Lane,Suite 41,Sacramento,California,94291,United States,diners-club-enroute,201733090004998,+1-916-620-3659,ebassil12@patch.com
2a6e9636-734d-43a5-9f54-c318ef9546c0,Diana,Buxy,319 Starling Pass,Room 889,Louisville,Kentucky,40205,United States,americanexpress,346788934341945,+1-502-821-4820,dbuxy13@people.com.cn
a42a7d4b-342f-48bd-a300-d13b4b218992,Devon,Spiteri,6 Bunting Point,Room 31,Irvine,California,92612,United States,switch,675981428462671186,+1-949-998-2572,dspiteri14@ovh.net
29194573-9fea-49f6-8858-d04615628f01,Evyn,Hidderley,131 Lakewood Gardens Place,Suite 88,Baltimore,Maryland,21282,United States,jcb,3529937200040235,+1-410-156-6629,ehidderley15@networksolutions.com
e5bfae84-b2b0-4ff0-bda7-3906367bbde5,Bram,Bulcock,69842 Fairview Court,Room 1072,Miami,Florida,33245,United States,bankcard,5602235008542857,+1-786-485-8659,bbulcock16@facebook.com
600ff5bf-c5ec-439f-8e9d-c98c61cb3c0b,Devlin,Kadar,7 Shasta Lane,PO Box 1531,Aiken,South Carolina,29805,United States,jcb,3585404195544722,+1-803-925-7744,dkadar17@youtu.be
666928be-3202-40bb-8ebb-7f5d828ee88d,Bary,Sames,95107 Jenifer Court,Apt 1031,Decatur,Georgia,30089,United States,bankcard,5602226045849439,+1-770-375-8181,bsames18@whitehouse.gov
05ca2ef1-edca-4d78-8b98-bb735034293e,Faunie,Brooksbank,7236 Morningstar Lane,Room 815,Sacramento,California,94280,United States,jcb,3532366648864912,+1-916-119-7289,fbrooksbank19@statcounter.com
ffd9763d-2a5f-4669-8916-6ff1c6bfae2f,Rowen,Beven,496 Waubesa Trail,Room 1493,Ridgely,Maryland,21684,United States,jcb,3562125815503726,+1-410-971-3268,rbeven1a@wufoo.com
ca71ddb6-0677-4afb-a47d-e28dcaca3b87,Joleen,Franklen,7 Sunnyside Terrace,PO Box 5821,Santa Clara,California,95054,United States,china-unionpay,5602245252847076,+1-831-188-9592,jfranklen1b@epa.gov
882ff133-100f-42fa-ad67-b7a0fa7ab394,Prudence,Currao,448 Kenwood Junction,18th Floor,Pompano Beach,Florida,33064,United States,visa-electron,4405696754619862,+1-305-527-7816,pcurrao1c@hhs.gov
90804edb-c2b6-4ec4-b387-abb89581419a,Kylynn,Shipston,98 Moose Street,PO Box 9146,Sunnyvale,California,94089,United States,jcb,3553804190887752,+1-408-630-6694,kshipston1d@wisc.edu
